sep=,
Photos,Urls,Images,Name,Brand
,https://www.ozon.ru/context/detail/id/511192540,https://cdn1.ozone.ru/s3/multimedia-k/6262394732.jpg,Бейсболка msgame,,
,https://www.ozon.ru/context/detail/id/511192212,https://cdn1.ozone.ru/s3/multimedia-j/6262392355.jpg,Бейсболка msgame,,
,https://www.ozon.ru/context/detail/id/511191752,https://cdn1.ozone.ru/s3/multimedia-z/6262361411.jpg,Бейсболка msgame,,
,https://www.ozon.ru/context/detail/id/511191260,https://cdn1.ozone.ru/s3/multimedia-9/6262358685.jpg,Бейсболка msgame,,
,https://www.ozon.ru/context/detail/id/511190289,https://cdn1.ozone.ru/s3/multimedia-3/6262356051.jpg,Бейсболка msgame,,
,https://www.ozon.ru/context/detail/id/511189862,https://cdn1.ozone.ru/s3/multimedia-2/6262351622.jpg,Бейсболка msgame,,
,https://www.ozon.ru/context/detail/id/511189352,https://cdn1.ozone.ru/s3/multimedia-3/6262348203.jpg,Бейсболка msgame,,
,https://www.ozon.ru/context/detail/id/511181792,https://cdn1.ozone.ru/s3/multimedia-a/6262327150.jpg,Бейсболка msgame,,
,https://www.ozon.ru/context/detail/id/511180369,https://cdn1.ozone.ru/s3/multimedia-2/6262325450.jpg,Бейсболка msgame,,
,https://www.ozon.ru/context/detail/id/511163793,https://cdn1.ozone.ru/s3/multimedia-p/6262322233.jpg,Бейсболка msgame,,
,https://www.ozon.ru/context/detail/id/511163437,https://cdn1.ozone.ru/s3/multimedia-j/6262319671.jpg,Бейсболка msgame,,
,https://www.ozon.ru/context/detail/id/511160804,https://cdn1.ozone.ru/s3/multimedia-z/6262314215.jpg,Бейсболка msgame,,
,https://www.ozon.ru/context/detail/id/511159992,https://cdn1.ozone.ru/s3/multimedia-r/6262312767.jpg,Бейсболка msgame,,
,https://www.ozon.ru/context/detail/id/506131641,https://cdn1.ozone.ru/s3/multimedia-8/6261523664.jpg,Бейсболка msgame,,
,https://www.ozon.ru/context/detail/id/506098771,https://cdn1.ozone.ru/s3/multimedia-h/6261506789.jpg,Бейсболка msgame,,
,https://www.ozon.ru/context/detail/id/506098745,https://cdn1.ozone.ru/s3/multimedia-7/6261513691.jpg,Бейсболка msgame,,
,https://www.ozon.ru/context/detail/id/506098208,https://cdn1.ozone.ru/s3/multimedia-m/6261510178.jpg,Бейсболка msgame,,
,https://www.ozon.ru/context/detail/id/506095309,https://cdn1.ozone.ru/s3/multimedia-v/6261509467.jpg,Бейсболка msgame,,
,https://www.ozon.ru/context/detail/id/506094286,https://cdn1.ozone.ru/s3/multimedia-l/6261508917.jpg,Бейсболка msgame,,
,https://www.ozon.ru/context/detail/id/506088439,https://cdn1.ozone.ru/s3/multimedia-m/6261496066.jpg,Бейсболка msgame,msgame,
,https://www.ozon.ru/context/detail/id/506084427,https://cdn1.ozone.ru/s3/multimedia-l/6261504705.jpg,Бейсболка msgame,,
,https://www.ozon.ru/context/detail/id/506061435,https://cdn1.ozone.ru/s3/multimedia-w/6261488588.jpg,Бейсболка msgame,,
,https://www.ozon.ru/context/detail/id/506060754,https://cdn1.ozone.ru/s3/multimedia-x/6261492801.jpg,Бейсболка msgame,,
,https://www.ozon.ru/context/detail/id/506054246,https://cdn1.ozone.ru/s3/multimedia-0/6261487332.jpg,Бейсболка msgame,,
,https://www.ozon.ru/context/detail/id/506050569,https://cdn1.ozone.ru/s3/multimedia-l/6261482781.jpg,Бейсболка msgame,,
,https://www.ozon.ru/context/detail/id/506048821,https://cdn1.ozone.ru/s3/multimedia-d/6261447997.jpg,Бейсболка msgame,,
,https://www.ozon.ru/context/detail/id/506008276,https://cdn1.ozone.ru/s3/multimedia-c/6261446412.jpg,Бейсболка msgame,,
,https://www.ozon.ru/context/detail/id/505941592,https://cdn1.ozone.ru/s3/multimedia-l/6261443505.jpg,Бейсболка msgame,,
,https://www.ozon.ru/context/detail/id/505941268,https://cdn1.ozone.ru/s3/multimedia-7/6261442591.jpg,Бейсболка msgame,,
,https://www.ozon.ru/context/detail/id/505939448,https://cdn1.ozone.ru/s3/multimedia-v/6261441751.jpg,Бейсболка msgame,msgame,
,https://www.ozon.ru/context/detail/id/505912397,https://cdn1.ozone.ru/s3/multimedia-n/6261423383.jpg,Бейсболка msgame,,
,https://www.ozon.ru/context/detail/id/505892395,https://cdn1.ozone.ru/s3/multimedia-n/6261407471.jpg,Бейсболка msgame,,
,https://www.ozon.ru/context/detail/id/505892037,https://cdn1.ozone.ru/s3/multimedia-u/6261397578.jpg,Бейсболка msgame,,
,https://www.ozon.ru/context/detail/id/473347510,https://cdn1.ozone.ru/s3/multimedia-2/6241553090.jpg,Бейсболка msgame,msgame,
,https://www.ozon.ru/context/detail/id/473245952,https://cdn1.ozone.ru/s3/multimedia-t/6241564277.jpg,Бейсболка msgame,msgame,
,https://www.ozon.ru/context/detail/id/359736755,https://cdn1.ozone.ru/s3/multimedia-h/6130594913.jpg,Варежки Odyssey,,
,https://www.ozon.ru/context/detail/id/257958839,https://cdn1.ozone.ru/s3/multimedia-f/6059778339.jpg,Повязка на лицо msgame,,
,https://www.ozon.ru/context/detail/id/257956864,https://cdn1.ozone.ru/s3/multimedia-1/6059786209.jpg,Повязка на лицо msgame,,
,https://www.ozon.ru/context/detail/id/257954059,https://cdn1.ozone.ru/s3/multimedia-p/6059786845.jpg,Повязка на лицо msgame,,
,https://www.ozon.ru/context/detail/id/257954038,https://cdn1.ozone.ru/s3/multimedia-s/6059786560.jpg,Повязка на лицо msgame,,
,https://www.ozon.ru/context/detail/id/257953806,https://cdn1.ozone.ru/s3/multimedia-g/6059153524.jpg,Повязка на лицо msgame,,
,https://www.ozon.ru/context/detail/id/257953715,https://cdn1.ozone.ru/s3/multimedia-y/6059776450.jpg,Повязка на лицо msgame,,
,https://www.ozon.ru/context/detail/id/257952089,https://cdn1.ozone.ru/s3/multimedia-m/6059786482.jpg,Повязка на лицо msgame,,
,https://www.ozon.ru/context/detail/id/257948707,https://cdn1.ozone.ru/s3/multimedia-v/6059778823.jpg,Повязка на лицо msgame,,
,https://www.ozon.ru/context/detail/id/257948224,https://cdn1.ozone.ru/s3/multimedia-s/6059782312.jpg,Повязка на лицо msgame,,
,https://www.ozon.ru/context/detail/id/257946621,https://cdn1.ozone.ru/s3/multimedia-y/6059776450.jpg,Повязка на лицо msgame,,
,https://www.ozon.ru/context/detail/id/257921347,https://cdn1.ozone.ru/s3/multimedia-s/6059671504.jpg,Повязка на лицо msgame,,
,https://www.ozon.ru/context/detail/id/257848996,https://cdn1.ozone.ru/s3/multimedia-1/6059667337.jpg,Повязка на лицо msgame,,
,https://www.ozon.ru/context/detail/id/257818065,https://cdn1.ozone.ru/s3/multimedia-j/6059599171.jpg,Повязка на лицо msgame,,
,https://www.ozon.ru/context/detail/id/257780121,https://cdn1.ozone.ru/s3/multimedia-j/6059780683.jpg,Повязка на лицо msgame,,
,https://www.ozon.ru/context/detail/id/257771659,https://cdn1.ozone.ru/s3/multimedia-z/6059675939.jpg,Повязка на лицо msgame,,
,https://www.ozon.ru/context/detail/id/257747175,https://cdn1.ozone.ru/s3/multimedia-0/6059553360.jpg,Повязка на лицо msgame,,
,https://www.ozon.ru/context/detail/id/257652110,https://cdn1.ozone.ru/s3/multimedia-l/6059417481.jpg,Повязка на лицо msgame,,
,https://www.ozon.ru/context/detail/id/257627870,https://cdn1.ozone.ru/s3/multimedia-p/6059603857.jpg,Повязка на лицо msgame,,
,https://www.ozon.ru/context/detail/id/257626954,https://cdn1.ozone.ru/s3/multimedia-p/6059746849.jpg,Повязка на лицо msgame,,
,https://www.ozon.ru/context/detail/id/257626124,https://cdn1.ozone.ru/s3/multimedia-h/6059420105.jpg,Повязка на лицо msgame,,
,https://www.ozon.ru/context/detail/id/257454187,https://cdn1.ozone.ru/s3/multimedia-g/6059153524.jpg,Повязка на лицо msgame,,
